{"u_error":0.30536261200904846,"p_ic_loss":0.008548927493393421,"u_in_weight":1.062510371208191,"u_ic_weight":1.042107105255127,"u_in_loss":0.0018423267174512148,"v_error":1.1142038106918335,"v_in_loss":0.00118481763638556,"ru_weight":0.9314671754837036,"rc_loss":0.016778048127889633,"v_in_weight":1.0770103931427002,"v_ic_weight":1.0613746643066406,"_runtime":128.253264,"rc_weight":1.2983319759368896,"u_ic_loss":0.031498800963163376,"rv_weight":0.9266860485076904,"u_noslip_loss":0.0066736359149217606,"v_ic_loss":0.04522009193897247,"rv_loss":0.06415948271751404,"u_out_weight":1.0830676555633545,"ru_loss":0.0798015370965004,"_timestamp":1.753517471350358e+09,"p_ic_weight":1.1265285015106201,"v_noslip_loss":0.0022522537037730217,"cas_weight":0.058317508548498154,"v_out_loss":0.00044522210373543203,"v_out_weight":1.6230515241622925,"u_out_loss":0.0005980838323011994,"v_noslip_weight":1.2064855098724365,"_wandb":{"runtime":128},"_step":100,"u_noslip_weight":1.0152298212051392}