{"v_noslip_loss":0.0022522537037730217,"u_ic_weight":1.042107105255127,"u_out_weight":1.0830676555633545,"u_in_weight":1.062510371208191,"p_ic_loss":0.00854892935603857,"u_out_loss":0.0005980845307931304,"_wandb":{"runtime":100},"p_ic_weight":1.1265285015106201,"v_in_weight":1.0770102739334106,"v_ic_weight":1.061374545097351,"v_out_loss":0.00044522216194309294,"u_ic_loss":0.03149879723787308,"ru_loss":0.0798015370965004,"rc_loss":0.016778048127889633,"rv_loss":0.06415949761867523,"u_noslip_loss":0.006673633586615324,"u_in_loss":0.0018423263682052493,"_runtime":100.866355,"u_noslip_weight":1.0152298212051392,"_step":100,"rc_weight":1.2983318567276,"v_out_weight":1.623051404953003,"_timestamp":1.753285154847917e+09,"v_in_loss":0.001184818334877491,"cas_weight":0.05831746757030487,"rv_weight":0.9266860485076904,"ru_weight":0.9314671158790588,"v_noslip_weight":1.206485390663147,"v_ic_loss":0.04522009566426277}