{"v_ic_weight":1.0613746643066406,"v_in_weight":1.0770103931427002,"v_noslip_loss":0.0022522537037730217,"u_noslip_loss":0.0066736359149217606,"u_in_weight":1.062510371208191,"p_ic_loss":0.008548927493393421,"p_ic_weight":1.1265285015106201,"v_error":1.1142038106918335,"_runtime":127.094586,"rv_weight":0.9266860485076904,"v_noslip_weight":1.2064855098724365,"v_out_weight":1.6230515241622925,"rv_loss":0.06415948271751404,"u_error":0.30536261200904846,"v_out_loss":0.00044522210373543203,"ru_weight":0.9314671754837036,"v_in_loss":0.00118481763638556,"_timestamp":1.753515024359494e+09,"_step":100,"u_out_loss":0.0005980838323011994,"rc_weight":1.2983319759368896,"u_noslip_weight":1.0152298212051392,"_wandb":{"runtime":127},"u_ic_loss":0.031498800963163376,"v_ic_loss":0.04522009193897247,"ru_loss":0.0798015370965004,"u_in_loss":0.0018423267174512148,"rc_loss":0.016778048127889633,"cas_weight":0.058317508548498154,"u_out_weight":1.0830676555633545,"u_ic_weight":1.042107105255127}