{"v_ic_weight":3.6065101623535156,"ru_weight":0.40756580233573914,"u_ic_weight":4.720826148986816,"_wandb":{"runtime":7077},"u_out_weight":58.98558807373047,"u_out_loss":4.9249848643739824e-09,"ru_loss":1.37811211970984e-05,"rv_loss":4.8082947614602745e-05,"rc_loss":5.538012374017853e-06,"_timestamp":1.7508667025996382e+09,"p_ic_loss":1.3291702316564624e-06,"v_ic_loss":1.7542997738928534e-06,"u_ic_loss":6.176770170895907e-07,"u_in_loss":3.0935745076732246e-09,"v_noslip_weight":9.401196479797363,"v_in_weight":70.0110855102539,"u_noslip_loss":6.972797450544022e-08,"_step":199900,"v_in_loss":1.972064289645914e-09,"v_noslip_loss":7.397416368348786e-08,"u_noslip_weight":9.810317993164062,"v_out_weight":1.3059715032577515,"p_ic_weight":4.4158782958984375,"cas_weight":0.9992588758468628,"rv_weight":0.31443291902542114,"v_out_loss":1.3156140710179898e-07,"_runtime":7077.554591139,"u_in_weight":55.564849853515625,"rc_weight":0.8798903822898865}